[
  {
    "id": 1,
    "name": "الفاتحة",
    "transliteration": "Al-Fatihah",
    "type": "meccan",
    "total_verses": 7,
    "link": "https://cdn.jsdelivr.net/npm/quran-json@3.1.2/dist/chapters/1.json"
  },
  {
    "id": 2,
    "name": "البقرة",
    "transliteration": "Al-Baqarah",
    "type": "medinan",
    "total_verses": 286,
    "link": "https://cdn.jsdelivr.net/npm/quran-json@3.1.2/dist/chapters/2.json"
  },
  {
    "id": 3,
    "name": "آل عمران",
    "transliteration": "Ali 'Imran",
    "type": "medinan",
    "total_verses": 200,
    "link": "https://cdn.jsdelivr.net/npm/quran-json@3.1.2/dist/chapters/3.json"
  },
  {
    "id": 4,
    "name": "النساء",
    "transliteration": "An-Nisa",
    "type": "medinan",
    "total_verses": 176,
    "link": "https://cdn.jsdelivr.net/npm/quran-json@3.1.2/dist/chapters/4.json"
  },
  {
    "id": 5,
    "name": "المائدة",
    "transliteration": "Al-Ma'idah",
    "type": "medinan",
    "total_verses": 120,
    "link": "https://cdn.jsdelivr.net/npm/quran-json@3.1.2/dist/chapters/5.json"
  },
  {
    "id": 6,
    "name": "الأنعام",
    "transliteration": "Al-An'am",
    "type": "meccan",
    "total_verses": 165,
    "link": "https://cdn.jsdelivr.net/npm/quran-json@3.1.2/dist/chapters/6.json"
  },
  {
    "id": 7,
    "name": "الأعراف",
    "transliteration": "Al-A'raf",
    "type": "meccan",
    "total_verses": 206,
    "link": "https://cdn.jsdelivr.net/npm/quran-json@3.1.2/dist/chapters/7.json"
  },
  {
    "id": 8,
    "name": "الأنفال",
    "transliteration": "Al-Anfal",
    "type": "medinan",
    "total_verses": 75,
    "link": "https://cdn.jsdelivr.net/npm/quran-json@3.1.2/dist/chapters/8.json"
  },
  {
    "id": 9,
    "name": "التوبة",
    "transliteration": "At-Tawbah",
    "type": "medinan",
    "total_verses": 129,
    "link": "https://cdn.jsdelivr.net/npm/quran-json@3.1.2/dist/chapters/9.json"
  },
  {
    "id": 10,
    "name": "يونس",
    "transliteration": "Yunus",
    "type": "meccan",
    "total_verses": 109,
    "link": "https://cdn.jsdelivr.net/npm/quran-json@3.1.2/dist/chapters/10.json"
  },
  {
    "id": 11,
    "name": "هود",
    "transliteration": "Hud",
    "type": "meccan",
    "total_verses": 123,
    "link": "https://cdn.jsdelivr.net/npm/quran-json@3.1.2/dist/chapters/11.json"
  },
  {
    "id": 12,
    "name": "يوسف",
    "transliteration": "Yusuf",
    "type": "meccan",
    "total_verses": 111,
    "link": "https://cdn.jsdelivr.net/npm/quran-json@3.1.2/dist/chapters/12.json"
  },
  {
    "id": 13,
    "name": "الرعد",
    "transliteration": "Ar-Ra'd",
    "type": "medinan",
    "total_verses": 43,
    "link": "https://cdn.jsdelivr.net/npm/quran-json@3.1.2/dist/chapters/13.json"
  },
  {
    "id": 14,
    "name": "ابراهيم",
    "transliteration": "Ibrahim",
    "type": "meccan",
    "total_verses": 52,
    "link": "https://cdn.jsdelivr.net/npm/quran-json@3.1.2/dist/chapters/14.json"
  },
  {
    "id": 15,
    "name": "الحجر",
    "transliteration": "Al-Hijr",
    "type": "meccan",
    "total_verses": 99,
    "link": "https://cdn.jsdelivr.net/npm/quran-json@3.1.2/dist/chapters/15.json"
  },
  {
    "id": 16,
    "name": "النحل",
    "transliteration": "An-Nahl",
    "type": "meccan",
    "total_verses": 128,
    "link": "https://cdn.jsdelivr.net/npm/quran-json@3.1.2/dist/chapters/16.json"
  },
  {
    "id": 17,
    "name": "الإسراء",
    "transliteration": "Al-Isra",
    "type": "meccan",
    "total_verses": 111,
    "link": "https://cdn.jsdelivr.net/npm/quran-json@3.1.2/dist/chapters/17.json"
  },
  {
    "id": 18,
    "name": "الكهف",
    "transliteration": "Al-Kahf",
    "type": "meccan",
    "total_verses": 110,
    "link": "https://cdn.jsdelivr.net/npm/quran-json@3.1.2/dist/chapters/18.json"
  },
  {
    "id": 19,
    "name": "مريم",
    "transliteration": "Maryam",
    "type": "meccan",
    "total_verses": 98,
    "link": "https://cdn.jsdelivr.net/npm/quran-json@3.1.2/dist/chapters/19.json"
  },
  {
    "id": 20,
    "name": "طه",
    "transliteration": "Taha",
    "type": "meccan",
    "total_verses": 135,
    "link": "https://cdn.jsdelivr.net/npm/quran-json@3.1.2/dist/chapters/20.json"
  },
  {
    "id": 21,
    "name": "الأنبياء",
    "transliteration": "Al-Anbya",
    "type": "meccan",
    "total_verses": 112,
    "link": "https://cdn.jsdelivr.net/npm/quran-json@3.1.2/dist/chapters/21.json"
  },
  {
    "id": 22,
    "name": "الحج",
    "transliteration": "Al-Hajj",
    "type": "medinan",
    "total_verses": 78,
    "link": "https://cdn.jsdelivr.net/npm/quran-json@3.1.2/dist/chapters/22.json"
  },
  {
    "id": 23,
    "name": "المؤمنون",
    "transliteration": "Al-Mu'minun",
    "type": "meccan",
    "total_verses": 118,
    "link": "https://cdn.jsdelivr.net/npm/quran-json@3.1.2/dist/chapters/23.json"
  },
  {
    "id": 24,
    "name": "النور",
    "transliteration": "An-Nur",
    "type": "medinan",
    "total_verses": 64,
    "link": "https://cdn.jsdelivr.net/npm/quran-json@3.1.2/dist/chapters/24.json"
  },
  {
    "id": 25,
    "name": "الفرقان",
    "transliteration": "Al-Furqan",
    "type": "meccan",
    "total_verses": 77,
    "link": "https://cdn.jsdelivr.net/npm/quran-json@3.1.2/dist/chapters/25.json"
  },
  {
    "id": 26,
    "name": "الشعراء",
    "transliteration": "Ash-Shu'ara",
    "type": "meccan",
    "total_verses": 227,
    "link": "https://cdn.jsdelivr.net/npm/quran-json@3.1.2/dist/chapters/26.json"
  },
  {
    "id": 27,
    "name": "النمل",
    "transliteration": "An-Naml",
    "type": "meccan",
    "total_verses": 93,
    "link": "https://cdn.jsdelivr.net/npm/quran-json@3.1.2/dist/chapters/27.json"
  },
  {
    "id": 28,
    "name": "القصص",
    "transliteration": "Al-Qasas",
    "type": "meccan",
    "total_verses": 88,
    "link": "https://cdn.jsdelivr.net/npm/quran-json@3.1.2/dist/chapters/28.json"
  },
  {
    "id": 29,
    "name": "العنكبوت",
    "transliteration": "Al-'Ankabut",
    "type": "meccan",
    "total_verses": 69,
    "link": "https://cdn.jsdelivr.net/npm/quran-json@3.1.2/dist/chapters/29.json"
  },
  {
    "id": 30,
    "name": "الروم",
    "transliteration": "Ar-Rum",
    "type": "meccan",
    "total_verses": 60,
    "link": "https://cdn.jsdelivr.net/npm/quran-json@3.1.2/dist/chapters/30.json"
  },
  {
    "id": 31,
    "name": "لقمان",
    "transliteration": "Luqman",
    "type": "meccan",
    "total_verses": 34,
    "link": "https://cdn.jsdelivr.net/npm/quran-json@3.1.2/dist/chapters/31.json"
  },
  {
    "id": 32,
    "name": "السجدة",
    "transliteration": "As-Sajdah",
    "type": "meccan",
    "total_verses": 30,
    "link": "https://cdn.jsdelivr.net/npm/quran-json@3.1.2/dist/chapters/32.json"
  },
  {
    "id": 33,
    "name": "الأحزاب",
    "transliteration": "Al-Ahzab",
    "type": "medinan",
    "total_verses": 73,
    "link": "https://cdn.jsdelivr.net/npm/quran-json@3.1.2/dist/chapters/33.json"
  },
  {
    "id": 34,
    "name": "سبإ",
    "transliteration": "Saba",
    "type": "meccan",
    "total_verses": 54,
    "link": "https://cdn.jsdelivr.net/npm/quran-json@3.1.2/dist/chapters/34.json"
  },
  {
    "id": 35,
    "name": "فاطر",
    "transliteration": "Fatir",
    "type": "meccan",
    "total_verses": 45,
    "link": "https://cdn.jsdelivr.net/npm/quran-json@3.1.2/dist/chapters/35.json"
  },
  {
    "id": 36,
    "name": "يس",
    "transliteration": "Ya-Sin",
    "type": "meccan",
    "total_verses": 83,
    "link": "https://cdn.jsdelivr.net/npm/quran-json@3.1.2/dist/chapters/36.json"
  },
  {
    "id": 37,
    "name": "الصافات",
    "transliteration": "As-Saffat",
    "type": "meccan",
    "total_verses": 182,
    "link": "https://cdn.jsdelivr.net/npm/quran-json@3.1.2/dist/chapters/37.json"
  },
  {
    "id": 38,
    "name": "ص",
    "transliteration": "Sad",
    "type": "meccan",
    "total_verses": 88,
    "link": "https://cdn.jsdelivr.net/npm/quran-json@3.1.2/dist/chapters/38.json"
  },
  {
    "id": 39,
    "name": "الزمر",
    "transliteration": "Az-Zumar",
    "type": "meccan",
    "total_verses": 75,
    "link": "https://cdn.jsdelivr.net/npm/quran-json@3.1.2/dist/chapters/39.json"
  },
  {
    "id": 40,
    "name": "غافر",
    "transliteration": "Ghafir",
    "type": "meccan",
    "total_verses": 85,
    "link": "https://cdn.jsdelivr.net/npm/quran-json@3.1.2/dist/chapters/40.json"
  },
  {
    "id": 41,
    "name": "فصلت",
    "transliteration": "Fussilat",
    "type": "meccan",
    "total_verses": 54,
    "link": "https://cdn.jsdelivr.net/npm/quran-json@3.1.2/dist/chapters/41.json"
  },
  {
    "id": 42,
    "name": "الشورى",
    "transliteration": "Ash-Shuraa",
    "type": "meccan",
    "total_verses": 53,
    "link": "https://cdn.jsdelivr.net/npm/quran-json@3.1.2/dist/chapters/42.json"
  },
  {
    "id": 43,
    "name": "الزخرف",
    "transliteration": "Az-Zukhruf",
    "type": "meccan",
    "total_verses": 89,
    "link": "https://cdn.jsdelivr.net/npm/quran-json@3.1.2/dist/chapters/43.json"
  },
  {
    "id": 44,
    "name": "الدخان",
    "transliteration": "Ad-Dukhan",
    "type": "meccan",
    "total_verses": 59,
    "link": "https://cdn.jsdelivr.net/npm/quran-json@3.1.2/dist/chapters/44.json"
  },
  {
    "id": 45,
    "name": "الجاثية",
    "transliteration": "Al-Jathiyah",
    "type": "meccan",
    "total_verses": 37,
    "link": "https://cdn.jsdelivr.net/npm/quran-json@3.1.2/dist/chapters/45.json"
  },
  {
    "id": 46,
    "name": "الأحقاف",
    "transliteration": "Al-Ahqaf",
    "type": "meccan",
    "total_verses": 35,
    "link": "https://cdn.jsdelivr.net/npm/quran-json@3.1.2/dist/chapters/46.json"
  },
  {
    "id": 47,
    "name": "محمد",
    "transliteration": "Muhammad",
    "type": "medinan",
    "total_verses": 38,
    "link": "https://cdn.jsdelivr.net/npm/quran-json@3.1.2/dist/chapters/47.json"
  },
  {
    "id": 48,
    "name": "الفتح",
    "transliteration": "Al-Fath",
    "type": "medinan",
    "total_verses": 29,
    "link": "https://cdn.jsdelivr.net/npm/quran-json@3.1.2/dist/chapters/48.json"
  },
  {
    "id": 49,
    "name": "الحجرات",
    "transliteration": "Al-Hujurat",
    "type": "medinan",
    "total_verses": 18,
    "link": "https://cdn.jsdelivr.net/npm/quran-json@3.1.2/dist/chapters/49.json"
  },
  {
    "id": 50,
    "name": "ق",
    "transliteration": "Qaf",
    "type": "meccan",
    "total_verses": 45,
    "link": "https://cdn.jsdelivr.net/npm/quran-json@3.1.2/dist/chapters/50.json"
  },
  {
    "id": 51,
    "name": "الذاريات",
    "transliteration": "Adh-Dhariyat",
    "type": "meccan",
    "total_verses": 60,
    "link": "https://cdn.jsdelivr.net/npm/quran-json@3.1.2/dist/chapters/51.json"
  },
  {
    "id": 52,
    "name": "الطور",
    "transliteration": "At-Tur",
    "type": "meccan",
    "total_verses": 49,
    "link": "https://cdn.jsdelivr.net/npm/quran-json@3.1.2/dist/chapters/52.json"
  },
  {
    "id": 53,
    "name": "النجم",
    "transliteration": "An-Najm",
    "type": "meccan",
    "total_verses": 62,
    "link": "https://cdn.jsdelivr.net/npm/quran-json@3.1.2/dist/chapters/53.json"
  },
  {
    "id": 54,
    "name": "القمر",
    "transliteration": "Al-Qamar",
    "type": "meccan",
    "total_verses": 55,
    "link": "https://cdn.jsdelivr.net/npm/quran-json@3.1.2/dist/chapters/54.json"
  },
  {
    "id": 55,
    "name": "الرحمن",
    "transliteration": "Ar-Rahman",
    "type": "medinan",
    "total_verses": 78,
    "link": "https://cdn.jsdelivr.net/npm/quran-json@3.1.2/dist/chapters/55.json"
  },
  {
    "id": 56,
    "name": "الواقعة",
    "transliteration": "Al-Waqi'ah",
    "type": "meccan",
    "total_verses": 96,
    "link": "https://cdn.jsdelivr.net/npm/quran-json@3.1.2/dist/chapters/56.json"
  },
  {
    "id": 57,
    "name": "الحديد",
    "transliteration": "Al-Hadid",
    "type": "medinan",
    "total_verses": 29,
    "link": "https://cdn.jsdelivr.net/npm/quran-json@3.1.2/dist/chapters/57.json"
  },
  {
    "id": 58,
    "name": "المجادلة",
    "transliteration": "Al-Mujadila",
    "type": "medinan",
    "total_verses": 22,
    "link": "https://cdn.jsdelivr.net/npm/quran-json@3.1.2/dist/chapters/58.json"
  },
  {
    "id": 59,
    "name": "الحشر",
    "transliteration": "Al-Hashr",
    "type": "medinan",
    "total_verses": 24,
    "link": "https://cdn.jsdelivr.net/npm/quran-json@3.1.2/dist/chapters/59.json"
  },
  {
    "id": 60,
    "name": "الممتحنة",
    "transliteration": "Al-Mumtahanah",
    "type": "medinan",
    "total_verses": 13,
    "link": "https://cdn.jsdelivr.net/npm/quran-json@3.1.2/dist/chapters/60.json"
  },
  {
    "id": 61,
    "name": "الصف",
    "transliteration": "As-Saf",
    "type": "medinan",
    "total_verses": 14,
    "link": "https://cdn.jsdelivr.net/npm/quran-json@3.1.2/dist/chapters/61.json"
  },
  {
    "id": 62,
    "name": "الجمعة",
    "transliteration": "Al-Jumu'ah",
    "type": "medinan",
    "total_verses": 11,
    "link": "https://cdn.jsdelivr.net/npm/quran-json@3.1.2/dist/chapters/62.json"
  },
  {
    "id": 63,
    "name": "المنافقون",
    "transliteration": "Al-Munafiqun",
    "type": "medinan",
    "total_verses": 11,
    "link": "https://cdn.jsdelivr.net/npm/quran-json@3.1.2/dist/chapters/63.json"
  },
  {
    "id": 64,
    "name": "التغابن",
    "transliteration": "At-Taghabun",
    "type": "medinan",
    "total_verses": 18,
    "link": "https://cdn.jsdelivr.net/npm/quran-json@3.1.2/dist/chapters/64.json"
  },
  {
    "id": 65,
    "name": "الطلاق",
    "transliteration": "At-Talaq",
    "type": "medinan",
    "total_verses": 12,
    "link": "https://cdn.jsdelivr.net/npm/quran-json@3.1.2/dist/chapters/65.json"
  },
  {
    "id": 66,
    "name": "التحريم",
    "transliteration": "At-Tahrim",
    "type": "medinan",
    "total_verses": 12,
    "link": "https://cdn.jsdelivr.net/npm/quran-json@3.1.2/dist/chapters/66.json"
  },
  {
    "id": 67,
    "name": "الملك",
    "transliteration": "Al-Mulk",
    "type": "meccan",
    "total_verses": 30,
    "link": "https://cdn.jsdelivr.net/npm/quran-json@3.1.2/dist/chapters/67.json"
  },
  {
    "id": 68,
    "name": "القلم",
    "transliteration": "Al-Qalam",
    "type": "meccan",
    "total_verses": 52,
    "link": "https://cdn.jsdelivr.net/npm/quran-json@3.1.2/dist/chapters/68.json"
  },
  {
    "id": 69,
    "name": "الحاقة",
    "transliteration": "Al-Haqqah",
    "type": "meccan",
    "total_verses": 52,
    "link": "https://cdn.jsdelivr.net/npm/quran-json@3.1.2/dist/chapters/69.json"
  },
  {
    "id": 70,
    "name": "المعارج",
    "transliteration": "Al-Ma'arij",
    "type": "meccan",
    "total_verses": 44,
    "link": "https://cdn.jsdelivr.net/npm/quran-json@3.1.2/dist/chapters/70.json"
  },
  {
    "id": 71,
    "name": "نوح",
    "transliteration": "Nuh",
    "type": "meccan",
    "total_verses": 28,
    "link": "https://cdn.jsdelivr.net/npm/quran-json@3.1.2/dist/chapters/71.json"
  },
  {
    "id": 72,
    "name": "الجن",
    "transliteration": "Al-Jinn",
    "type": "meccan",
    "total_verses": 28,
    "link": "https://cdn.jsdelivr.net/npm/quran-json@3.1.2/dist/chapters/72.json"
  },
  {
    "id": 73,
    "name": "المزمل",
    "transliteration": "Al-Muzzammil",
    "type": "meccan",
    "total_verses": 20,
    "link": "https://cdn.jsdelivr.net/npm/quran-json@3.1.2/dist/chapters/73.json"
  },
  {
    "id": 74,
    "name": "المدثر",
    "transliteration": "Al-Muddaththir",
    "type": "meccan",
    "total_verses": 56,
    "link": "https://cdn.jsdelivr.net/npm/quran-json@3.1.2/dist/chapters/74.json"
  },
  {
    "id": 75,
    "name": "القيامة",
    "transliteration": "Al-Qiyamah",
    "type": "meccan",
    "total_verses": 40,
    "link": "https://cdn.jsdelivr.net/npm/quran-json@3.1.2/dist/chapters/75.json"
  },
  {
    "id": 76,
    "name": "الانسان",
    "transliteration": "Al-Insan",
    "type": "medinan",
    "total_verses": 31,
    "link": "https://cdn.jsdelivr.net/npm/quran-json@3.1.2/dist/chapters/76.json"
  },
  {
    "id": 77,
    "name": "المرسلات",
    "transliteration": "Al-Mursalat",
    "type": "meccan",
    "total_verses": 50,
    "link": "https://cdn.jsdelivr.net/npm/quran-json@3.1.2/dist/chapters/77.json"
  },
  {
    "id": 78,
    "name": "النبإ",
    "transliteration": "An-Naba",
    "type": "meccan",
    "total_verses": 40,
    "link": "https://cdn.jsdelivr.net/npm/quran-json@3.1.2/dist/chapters/78.json"
  },
  {
    "id": 79,
    "name": "النازعات",
    "transliteration": "An-Nazi'at",
    "type": "meccan",
    "total_verses": 46,
    "link": "https://cdn.jsdelivr.net/npm/quran-json@3.1.2/dist/chapters/79.json"
  },
  {
    "id": 80,
    "name": "عبس",
    "transliteration": "'Abasa",
    "type": "meccan",
    "total_verses": 42,
    "link": "https://cdn.jsdelivr.net/npm/quran-json@3.1.2/dist/chapters/80.json"
  },
  {
    "id": 81,
    "name": "التكوير",
    "transliteration": "At-Takwir",
    "type": "meccan",
    "total_verses": 29,
    "link": "https://cdn.jsdelivr.net/npm/quran-json@3.1.2/dist/chapters/81.json"
  },
  {
    "id": 82,
    "name": "الإنفطار",
    "transliteration": "Al-Infitar",
    "type": "meccan",
    "total_verses": 19,
    "link": "https://cdn.jsdelivr.net/npm/quran-json@3.1.2/dist/chapters/82.json"
  },
  {
    "id": 83,
    "name": "المطففين",
    "transliteration": "Al-Mutaffifin",
    "type": "meccan",
    "total_verses": 36,
    "link": "https://cdn.jsdelivr.net/npm/quran-json@3.1.2/dist/chapters/83.json"
  },
  {
    "id": 84,
    "name": "الإنشقاق",
    "transliteration": "Al-Inshiqaq",
    "type": "meccan",
    "total_verses": 25,
    "link": "https://cdn.jsdelivr.net/npm/quran-json@3.1.2/dist/chapters/84.json"
  },
  {
    "id": 85,
    "name": "البروج",
    "transliteration": "Al-Buruj",
    "type": "meccan",
    "total_verses": 22,
    "link": "https://cdn.jsdelivr.net/npm/quran-json@3.1.2/dist/chapters/85.json"
  },
  {
    "id": 86,
    "name": "الطارق",
    "transliteration": "At-Tariq",
    "type": "meccan",
    "total_verses": 17,
    "link": "https://cdn.jsdelivr.net/npm/quran-json@3.1.2/dist/chapters/86.json"
  },
  {
    "id": 87,
    "name": "الأعلى",
    "transliteration": "Al-A'la",
    "type": "meccan",
    "total_verses": 19,
    "link": "https://cdn.jsdelivr.net/npm/quran-json@3.1.2/dist/chapters/87.json"
  },
  {
    "id": 88,
    "name": "الغاشية",
    "transliteration": "Al-Ghashiyah",
    "type": "meccan",
    "total_verses": 26,
    "link": "https://cdn.jsdelivr.net/npm/quran-json@3.1.2/dist/chapters/88.json"
  },
  {
    "id": 89,
    "name": "الفجر",
    "transliteration": "Al-Fajr",
    "type": "meccan",
    "total_verses": 30,
    "link": "https://cdn.jsdelivr.net/npm/quran-json@3.1.2/dist/chapters/89.json"
  },
  {
    "id": 90,
    "name": "البلد",
    "transliteration": "Al-Balad",
    "type": "meccan",
    "total_verses": 20,
    "link": "https://cdn.jsdelivr.net/npm/quran-json@3.1.2/dist/chapters/90.json"
  },
  {
    "id": 91,
    "name": "الشمس",
    "transliteration": "Ash-Shams",
    "type": "meccan",
    "total_verses": 15,
    "link": "https://cdn.jsdelivr.net/npm/quran-json@3.1.2/dist/chapters/91.json"
  },
  {
    "id": 92,
    "name": "الليل",
    "transliteration": "Al-Layl",
    "type": "meccan",
    "total_verses": 21,
    "link": "https://cdn.jsdelivr.net/npm/quran-json@3.1.2/dist/chapters/92.json"
  },
  {
    "id": 93,
    "name": "الضحى",
    "transliteration": "Ad-Duhaa",
    "type": "meccan",
    "total_verses": 11,
    "link": "https://cdn.jsdelivr.net/npm/quran-json@3.1.2/dist/chapters/93.json"
  },
  {
    "id": 94,
    "name": "الشرح",
    "transliteration": "Ash-Sharh",
    "type": "meccan",
    "total_verses": 8,
    "link": "https://cdn.jsdelivr.net/npm/quran-json@3.1.2/dist/chapters/94.json"
  },
  {
    "id": 95,
    "name": "التين",
    "transliteration": "At-Tin",
    "type": "meccan",
    "total_verses": 8,
    "link": "https://cdn.jsdelivr.net/npm/quran-json@3.1.2/dist/chapters/95.json"
  },
  {
    "id": 96,
    "name": "العلق",
    "transliteration": "Al-'Alaq",
    "type": "meccan",
    "total_verses": 19,
    "link": "https://cdn.jsdelivr.net/npm/quran-json@3.1.2/dist/chapters/96.json"
  },
  {
    "id": 97,
    "name": "القدر",
    "transliteration": "Al-Qadr",
    "type": "meccan",
    "total_verses": 5,
    "link": "https://cdn.jsdelivr.net/npm/quran-json@3.1.2/dist/chapters/97.json"
  },
  {
    "id": 98,
    "name": "البينة",
    "transliteration": "Al-Bayyinah",
    "type": "medinan",
    "total_verses": 8,
    "link": "https://cdn.jsdelivr.net/npm/quran-json@3.1.2/dist/chapters/98.json"
  },
  {
    "id": 99,
    "name": "الزلزلة",
    "transliteration": "Az-Zalzalah",
    "type": "medinan",
    "total_verses": 8,
    "link": "https://cdn.jsdelivr.net/npm/quran-json@3.1.2/dist/chapters/99.json"
  },
  {
    "id": 100,
    "name": "العاديات",
    "transliteration": "Al-'Adiyat",
    "type": "meccan",
    "total_verses": 11,
    "link": "https://cdn.jsdelivr.net/npm/quran-json@3.1.2/dist/chapters/100.json"
  },
  {
    "id": 101,
    "name": "القارعة",
    "transliteration": "Al-Qari'ah",
    "type": "meccan",
    "total_verses": 11,
    "link": "https://cdn.jsdelivr.net/npm/quran-json@3.1.2/dist/chapters/101.json"
  },
  {
    "id": 102,
    "name": "التكاثر",
    "transliteration": "At-Takathur",
    "type": "meccan",
    "total_verses": 8,
    "link": "https://cdn.jsdelivr.net/npm/quran-json@3.1.2/dist/chapters/102.json"
  },
  {
    "id": 103,
    "name": "العصر",
    "transliteration": "Al-'Asr",
    "type": "meccan",
    "total_verses": 3,
    "link": "https://cdn.jsdelivr.net/npm/quran-json@3.1.2/dist/chapters/103.json"
  },
  {
    "id": 104,
    "name": "الهمزة",
    "transliteration": "Al-Humazah",
    "type": "meccan",
    "total_verses": 9,
    "link": "https://cdn.jsdelivr.net/npm/quran-json@3.1.2/dist/chapters/104.json"
  },
  {
    "id": 105,
    "name": "الفيل",
    "transliteration": "Al-Fil",
    "type": "meccan",
    "total_verses": 5,
    "link": "https://cdn.jsdelivr.net/npm/quran-json@3.1.2/dist/chapters/105.json"
  },
  {
    "id": 106,
    "name": "قريش",
    "transliteration": "Quraysh",
    "type": "meccan",
    "total_verses": 4,
    "link": "https://cdn.jsdelivr.net/npm/quran-json@3.1.2/dist/chapters/106.json"
  },
  {
    "id": 107,
    "name": "الماعون",
    "transliteration": "Al-Ma'un",
    "type": "meccan",
    "total_verses": 7,
    "link": "https://cdn.jsdelivr.net/npm/quran-json@3.1.2/dist/chapters/107.json"
  },
  {
    "id": 108,
    "name": "الكوثر",
    "transliteration": "Al-Kawthar",
    "type": "meccan",
    "total_verses": 3,
    "link": "https://cdn.jsdelivr.net/npm/quran-json@3.1.2/dist/chapters/108.json"
  },
  {
    "id": 109,
    "name": "الكافرون",
    "transliteration": "Al-Kafirun",
    "type": "meccan",
    "total_verses": 6,
    "link": "https://cdn.jsdelivr.net/npm/quran-json@3.1.2/dist/chapters/109.json"
  },
  {
    "id": 110,
    "name": "النصر",
    "transliteration": "An-Nasr",
    "type": "medinan",
    "total_verses": 3,
    "link": "https://cdn.jsdelivr.net/npm/quran-json@3.1.2/dist/chapters/110.json"
  },
  {
    "id": 111,
    "name": "المسد",
    "transliteration": "Al-Masad",
    "type": "meccan",
    "total_verses": 5,
    "link": "https://cdn.jsdelivr.net/npm/quran-json@3.1.2/dist/chapters/111.json"
  },
  {
    "id": 112,
    "name": "الإخلاص",
    "transliteration": "Al-Ikhlas",
    "type": "meccan",
    "total_verses": 4,
    "link": "https://cdn.jsdelivr.net/npm/quran-json@3.1.2/dist/chapters/112.json"
  },
  {
    "id": 113,
    "name": "الفلق",
    "transliteration": "Al-Falaq",
    "type": "meccan",
    "total_verses": 5,
    "link": "https://cdn.jsdelivr.net/npm/quran-json@3.1.2/dist/chapters/113.json"
  },
  {
    "id": 114,
    "name": "الناس",
    "transliteration": "An-Nas",
    "type": "meccan",
    "total_verses": 6,
    "link": "https://cdn.jsdelivr.net/npm/quran-json@3.1.2/dist/chapters/114.json"
  }
]